text,entities,tables
"To accomplish the task described, we'll break down the steps to extract text, tables, and named entities from the given document image and return the information in JSON format.

### Step 1: Document Image Analysis

The document appears to be a handwritten table in a notebook, likely containing data related to ""अरष्ठ बीज विवरण"" (which translates to ""Best Seed Details"" or a similar agricultural context). The data includes various columns such as names, father's names, and contact numbers.

### Step 2: Extracting Text

The text within the document is handwritten in Hindi. To extract the text, one would ideally use Optical Character Recognition (OCR) tools capable of handling handwritten text in Hindi. However, for the purpose of this response, we'll simulate the extraction based on the visible content.

### Step 3: Identifying Tables

The document contains a table with multiple columns. The headers and the structure suggest it is a registration or detail form for individuals, likely farmers or recipients of some agricultural program. The columns include:

1. Serial Number
2. Name
3. Father's/Husband's Name
4. Village
5. Panchayat
6. Block
7. Contact Numbers
8. Other details (possibly related to the seed distribution or agricultural activities)

### Step 4: Extracting Named Entities

Named entities in this context include names of individuals, locations (villages, panchayats, blocks), and possibly organizations or programs related to the seed distribution. 

### Step 5: Compiling JSON Output

Let's compile a simplified version of the JSON output based on the steps above.

```json
{
  ""text"": ""अरष्ठ बीज विवरण - २५मई -२०२५"",
  ""entities"": [
    {
      ""type"": ""Person"",
      ""name"": ""रानी देवी""
    },
    {
      ""type"": ""Location"",
      ""name"": ""पतसरी""
    },
    {
      ""type"": ""Contact"",
      ""number"": ""9339674283""
    },
    // Add more entities as per the data extracted
  ],
  ""tables"": [
    {
      ""headers"": [""क्र.न."", ""नाम"", ""पिता पति का नाम"", ""गांव"", ""पंचायत"", ""पतसरी"", ""मो.न."", ""मो.न.2"", ""हस्ताक्षर""],
      ""rows"": [
        [""259"", ""रानी देवी"", ""विनय राम"", ""पतसरी"", ""प्रसही"", ""9339674283"", """", """"],
        [""260"", ""रजाम अंसार"", ""मगर आलम"", ""पतसरी"", ""प्रसही"", ""638945859188"", ""9762675798"", """"],
        // Add more rows as per the data extracted
      ]
    }
  ]
}
```

### Implementation

To implement this, you would:

1. Use an OCR tool or library (like Tesseract-OCR with Hindi language support) to extract the text from the image.
2. Identify the table structure and extract its content.
3. Use Named Entity Recognition (NER) techniques or libraries to identify entities within the extracted text.

Here's a simplified Python example using `pytesseract` for OCR and a hypothetical NER function:

```python
import pytesseract
from PIL import Image
import json

# Load the image
image = Image.open('document_image.jpg')

# Extract text using OCR
text = pytesseract.image_to_string(image, lang='hin')

# Hypothetical function to extract entities
entities = extract_named_entities(text)

# Hypothetical function to extract table data
table_data = extract_table_data(image)

output = {
    ""text"": text,
    ""entities"": entities,
    ""tables"": table_data
}

print(json.dumps(output, ensure_ascii=False, indent=4))
```

This example assumes the existence of `extract_named_entities` and `extract_table_data` functions, which you would need to implement based on your specific requirements and the libraries or models you choose for NER and table extraction.","[]","[]"